pais;2000-07-13
pais;2001-07-12
pais;2002-07-11
pais;2003-07-10
pais;2004-07-08
pais;2005-07-14
pais;2006-07-13
pais;2007-07-12
pais;2008-07-10
pais;2009-07-09
pais;2010-07-08
pais;2011-07-14
pais;2012-07-12
pais;2013-07-11
pais;2014-07-10
pais;2015-07-09
pais;2016-07-14
pais;2017-07-13
pais;2018-07-12
pais;2019-07-11
pais;2020-07-09
pais;2021-07-08
pais;2022-07-14
pais;2023-07-13
pais;2024-07-11
pais;2025-07-10
pais;2026-07-09
pais;2027-07-08
pais;2028-07-13
pais;2029-07-12
pais;2030-07-11
pais;2031-07-10
pais;2032-07-08
pais;2033-07-14
pais;2034-07-13
pais;2035-07-12
pais;2036-07-10
pais;2037-07-09
pais;2038-07-08
pais;2039-07-14
pais;2040-07-12
pais;2041-07-11
pais;2042-07-10
pais;2043-07-09
pais;2044-07-14
pais;2045-07-13
pais;2046-07-12
pais;2047-07-11
pais;2048-07-09
pais;2049-07-08
pais;2050-07-14
pais;2051-07-13
pais;2052-07-11
pais;2053-07-10
pais;2054-07-09
pais;2055-07-08
pais;2056-07-13
pais;2057-07-12
pais;2058-07-11
pais;2059-07-10
pais;2060-07-08
pais;2061-07-14
pais;2062-07-13
pais;2063-07-12
pais;2064-07-10
pais;2065-07-09
pais;2066-07-08
pais;2067-07-14
pais;2068-07-12
pais;2069-07-11
pais;2070-07-10
pais;2071-07-09
pais;2072-07-14
pais;2073-07-13
pais;2074-07-12
pais;2075-07-11
pais;2076-07-09
pais;2077-07-08
pais;2078-07-14
pais;2079-07-13
pais;2080-07-11
pais;2081-07-10
pais;2082-07-09
pais;2083-07-08
pais;2084-07-13
pais;2085-07-12
pais;2086-07-11
pais;2087-07-10
pais;2088-07-08
pais;2089-07-14
pais;2090-07-13
pais;2091-07-12
pais;2092-07-10
pais;2093-07-09
pais;2094-07-08
pais;2095-07-14
pais;2096-07-12
pais;2097-07-11
pais;2098-07-10
pais;2099-07-09
pais;2100-07-08
pais;2101-07-14
pais;2102-07-13
pais;2103-07-12
pais;2104-07-10
pais;2105-07-09
pais;2106-07-08
pais;2107-07-14
pais;2108-07-12
pais;2109-07-11
pais;2110-07-10
pais;2111-07-09
pais;2112-07-14
pais;2113-07-13
pais;2114-07-12
pais;2115-07-11
pais;2116-07-09
pais;2117-07-08
pais;2118-07-14
pais;2119-07-13
pais;2120-07-11
pais;2121-07-10
pais;2122-07-09
pais;2123-07-08
pais;2124-07-13
pais;2125-07-12
pais;2126-07-11
pais;2127-07-10
pais;2128-07-08
pais;2129-07-14
pais;2130-07-13
pais;2131-07-12
pais;2132-07-10
pais;2133-07-09
pais;2134-07-08
pais;2135-07-14
pais;2136-07-12
pais;2137-07-11
pais;2138-07-10
pais;2139-07-09
pais;2140-07-14
pais;2141-07-13
pais;2142-07-12
pais;2143-07-11
pais;2144-07-09
pais;2145-07-08
pais;2146-07-14
pais;2147-07-13
pais;2148-07-11
pais;2149-07-10
pais;2150-07-09
pais;2151-07-08
pais;2152-07-13
pais;2153-07-12
pais;2154-07-11
pais;2155-07-10
pais;2156-07-08
pais;2157-07-14
pais;2158-07-13
pais;2159-07-12
pais;2160-07-10
pais;2161-07-09
pais;2162-07-08
pais;2163-07-14
pais;2164-07-12
pais;2165-07-11
pais;2166-07-10
pais;2167-07-09
pais;2168-07-14
pais;2169-07-13
pais;2170-07-12
pais;2171-07-11
pais;2172-07-09
pais;2173-07-08
pais;2174-07-14
pais;2175-07-13
pais;2176-07-11
pais;2177-07-10
pais;2178-07-09
pais;2179-07-08
pais;2180-07-13
pais;2181-07-12
pais;2182-07-11
pais;2183-07-10
pais;2184-07-08
pais;2185-07-14
pais;2186-07-13
pais;2187-07-12
pais;2188-07-10
pais;2189-07-09
pais;2190-07-08
pais;2191-07-14
pais;2192-07-12
pais;2193-07-11
pais;2194-07-10
pais;2195-07-09
pais;2196-07-14
pais;2197-07-13
pais;2198-07-12
pais;2199-07-11
maes;2000-04-14
maes;2001-04-13
maes;2002-04-12
maes;2003-04-11
maes;2004-04-09
maes;2005-04-08
maes;2006-04-14
maes;2007-04-13
maes;2008-04-11
maes;2009-04-10
maes;2010-04-09
maes;2011-04-08
maes;2012-04-13
maes;2013-04-12
maes;2014-04-11
maes;2015-04-10
maes;2016-04-08
maes;2017-04-14
maes;2018-04-13
maes;2019-04-12
maes;2020-04-10
maes;2021-04-09
maes;2022-04-08
maes;2023-04-14
maes;2024-04-12
maes;2025-04-11
maes;2026-04-10
maes;2027-04-09
maes;2028-04-14
maes;2029-04-13
maes;2030-04-12
maes;2031-04-11
maes;2032-04-09
maes;2033-04-08
maes;2034-04-14
maes;2035-04-13
maes;2036-04-11
maes;2037-04-10
maes;2038-04-09
maes;2039-04-08
maes;2040-04-13
maes;2041-04-12
maes;2042-04-11
maes;2043-04-10
maes;2044-04-08
maes;2045-04-14
maes;2046-04-13
maes;2047-04-12
maes;2048-04-10
maes;2049-04-09
maes;2050-04-08
maes;2051-04-14
maes;2052-04-12
maes;2053-04-11
maes;2054-04-10
maes;2055-04-09
maes;2056-04-14
maes;2057-04-13
maes;2058-04-12
maes;2059-04-11
maes;2060-04-09
maes;2061-04-08
maes;2062-04-14
maes;2063-04-13
maes;2064-04-11
maes;2065-04-10
maes;2066-04-09
maes;2067-04-08
maes;2068-04-13
maes;2069-04-12
maes;2070-04-11
maes;2071-04-10
maes;2072-04-08
maes;2073-04-14
maes;2074-04-13
maes;2075-04-12
maes;2076-04-10
maes;2077-04-09
maes;2078-04-08
maes;2079-04-14
maes;2080-04-12
maes;2081-04-11
maes;2082-04-10
maes;2083-04-09
maes;2084-04-14
maes;2085-04-13
maes;2086-04-12
maes;2087-04-11
maes;2088-04-09
maes;2089-04-08
maes;2090-04-14
maes;2091-04-13
maes;2092-04-11
maes;2093-04-10
maes;2094-04-09
maes;2095-04-08
maes;2096-04-13
maes;2097-04-12
maes;2098-04-11
maes;2099-04-10
maes;2100-04-09
maes;2101-04-08
maes;2102-04-14
maes;2103-04-13
maes;2104-04-11
maes;2105-04-10
maes;2106-04-09
maes;2107-04-08
maes;2108-04-13
maes;2109-04-12
maes;2110-04-11
maes;2111-04-10
maes;2112-04-08
maes;2113-04-14
maes;2114-04-13
maes;2115-04-12
maes;2116-04-10
maes;2117-04-09
maes;2118-04-08
maes;2119-04-14
maes;2120-04-12
maes;2121-04-11
maes;2122-04-10
maes;2123-04-09
maes;2124-04-14
maes;2125-04-13
maes;2126-04-12
maes;2127-04-11
maes;2128-04-09
maes;2129-04-08
maes;2130-04-14
maes;2131-04-13
maes;2132-04-11
maes;2133-04-10
maes;2134-04-09
maes;2135-04-08
maes;2136-04-13
maes;2137-04-12
maes;2138-04-11
maes;2139-04-10
maes;2140-04-08
maes;2141-04-14
maes;2142-04-13
maes;2143-04-12
maes;2144-04-10
maes;2145-04-09
maes;2146-04-08
maes;2147-04-14
maes;2148-04-12
maes;2149-04-11
maes;2150-04-10
maes;2151-04-09
maes;2152-04-14
maes;2153-04-13
maes;2154-04-12
maes;2155-04-11
maes;2156-04-09
maes;2157-04-08
maes;2158-04-14
maes;2159-04-13
maes;2160-04-11
maes;2161-04-10
maes;2162-04-09
maes;2163-04-08
maes;2164-04-13
maes;2165-04-12
maes;2166-04-11
maes;2167-04-10
maes;2168-04-08
maes;2169-04-14
maes;2170-04-13
maes;2171-04-12
maes;2172-04-10
maes;2173-04-09
maes;2174-04-08
maes;2175-04-14
maes;2176-04-12
maes;2177-04-11
maes;2178-04-10
maes;2179-04-09
maes;2180-04-14
maes;2181-04-13
maes;2182-04-12
maes;2183-04-11
maes;2184-04-09
maes;2185-04-08
maes;2186-04-14
maes;2187-04-13
maes;2188-04-11
maes;2189-04-10
maes;2190-04-09
maes;2191-04-08
maes;2192-04-13
maes;2193-04-12
maes;2194-04-11
maes;2195-04-10
maes;2196-04-08
maes;2197-04-14
maes;2198-04-13
maes;2199-04-12
cooperativismo;2000-06-01
cooperativismo;2001-06-07
cooperativismo;2002-06-06
cooperativismo;2003-06-05
cooperativismo;2004-06-03
cooperativismo;2005-06-02
cooperativismo;2006-06-01
cooperativismo;2007-06-07
cooperativismo;2008-06-05
cooperativismo;2009-06-04
cooperativismo;2010-06-03
cooperativismo;2011-06-02
cooperativismo;2012-06-07
cooperativismo;2013-06-06
cooperativismo;2014-06-05
cooperativismo;2015-06-04
cooperativismo;2016-06-02
cooperativismo;2017-06-01
cooperativismo;2018-06-07
cooperativismo;2019-06-06
cooperativismo;2020-06-04
cooperativismo;2021-06-03
cooperativismo;2022-06-02
cooperativismo;2023-06-01
cooperativismo;2024-06-06
cooperativismo;2025-06-05
cooperativismo;2026-06-04
cooperativismo;2027-06-03
cooperativismo;2028-06-01
cooperativismo;2029-06-07
cooperativismo;2030-06-06
cooperativismo;2031-06-05
cooperativismo;2032-06-03
cooperativismo;2033-06-02
cooperativismo;2034-06-01
cooperativismo;2035-06-07
cooperativismo;2036-06-05
cooperativismo;2037-06-04
cooperativismo;2038-06-03
cooperativismo;2039-06-02
cooperativismo;2040-06-07
cooperativismo;2041-06-06
cooperativismo;2042-06-05
cooperativismo;2043-06-04
cooperativismo;2044-06-02
cooperativismo;2045-06-01
cooperativismo;2046-06-07
cooperativismo;2047-06-06
cooperativismo;2048-06-04
cooperativismo;2049-06-03
cooperativismo;2050-06-02
cooperativismo;2051-06-01
cooperativismo;2052-06-06
cooperativismo;2053-06-05
cooperativismo;2054-06-04
cooperativismo;2055-06-03
cooperativismo;2056-06-01
cooperativismo;2057-06-07
cooperativismo;2058-06-06
cooperativismo;2059-06-05
cooperativismo;2060-06-03
cooperativismo;2061-06-02
cooperativismo;2062-06-01
cooperativismo;2063-06-07
cooperativismo;2064-06-05
cooperativismo;2065-06-04
cooperativismo;2066-06-03
cooperativismo;2067-06-02
cooperativismo;2068-06-07
cooperativismo;2069-06-06
cooperativismo;2070-06-05
cooperativismo;2071-06-04
cooperativismo;2072-06-02
cooperativismo;2073-06-01
cooperativismo;2074-06-07
cooperativismo;2075-06-06
cooperativismo;2076-06-04
cooperativismo;2077-06-03
cooperativismo;2078-06-02
cooperativismo;2079-06-01
cooperativismo;2080-06-06
cooperativismo;2081-06-05
cooperativismo;2082-06-04
cooperativismo;2083-06-03
cooperativismo;2084-06-01
cooperativismo;2085-06-07
cooperativismo;2086-06-06
cooperativismo;2087-06-05
cooperativismo;2088-06-03
cooperativismo;2089-06-02
cooperativismo;2090-06-01
cooperativismo;2091-06-07
cooperativismo;2092-06-05
cooperativismo;2093-06-04
cooperativismo;2094-06-03
cooperativismo;2095-06-02
cooperativismo;2096-06-07
cooperativismo;2097-06-06
cooperativismo;2098-06-05
cooperativismo;2099-06-04
cooperativismo;2100-06-03
cooperativismo;2101-06-02
cooperativismo;2102-06-01
cooperativismo;2103-06-07
cooperativismo;2104-06-05
cooperativismo;2105-06-04
cooperativismo;2106-06-03
cooperativismo;2107-06-02
cooperativismo;2108-06-07
cooperativismo;2109-06-06
cooperativismo;2110-06-05
cooperativismo;2111-06-04
cooperativismo;2112-06-02
cooperativismo;2113-06-01
cooperativismo;2114-06-07
cooperativismo;2115-06-06
cooperativismo;2116-06-04
cooperativismo;2117-06-03
cooperativismo;2118-06-02
cooperativismo;2119-06-01
cooperativismo;2120-06-06
cooperativismo;2121-06-05
cooperativismo;2122-06-04
cooperativismo;2123-06-03
cooperativismo;2124-06-01
cooperativismo;2125-06-07
cooperativismo;2126-06-06
cooperativismo;2127-06-05
cooperativismo;2128-06-03
cooperativismo;2129-06-02
cooperativismo;2130-06-01
cooperativismo;2131-06-07
cooperativismo;2132-06-05
cooperativismo;2133-06-04
cooperativismo;2134-06-03
cooperativismo;2135-06-02
cooperativismo;2136-06-07
cooperativismo;2137-06-06
cooperativismo;2138-06-05
cooperativismo;2139-06-04
cooperativismo;2140-06-02
cooperativismo;2141-06-01
cooperativismo;2142-06-07
cooperativismo;2143-06-06
cooperativismo;2144-06-04
cooperativismo;2145-06-03
cooperativismo;2146-06-02
cooperativismo;2147-06-01
cooperativismo;2148-06-06
cooperativismo;2149-06-05
cooperativismo;2150-06-04
cooperativismo;2151-06-03
cooperativismo;2152-06-01
cooperativismo;2153-06-07
cooperativismo;2154-06-06
cooperativismo;2155-06-05
cooperativismo;2156-06-03
cooperativismo;2157-06-02
cooperativismo;2158-06-01
cooperativismo;2159-06-07
cooperativismo;2160-06-05
cooperativismo;2161-06-04
cooperativismo;2162-06-03
cooperativismo;2163-06-02
cooperativismo;2164-06-07
cooperativismo;2165-06-06
cooperativismo;2166-06-05
cooperativismo;2167-06-04
cooperativismo;2168-06-02
cooperativismo;2169-06-01
cooperativismo;2170-06-07
cooperativismo;2171-06-06
cooperativismo;2172-06-04
cooperativismo;2173-06-03
cooperativismo;2174-06-02
cooperativismo;2175-06-01
cooperativismo;2176-06-06
cooperativismo;2177-06-05
cooperativismo;2178-06-04
cooperativismo;2179-06-03
cooperativismo;2180-06-01
cooperativismo;2181-06-07
cooperativismo;2182-06-06
cooperativismo;2183-06-05
cooperativismo;2184-06-03
cooperativismo;2185-06-02
cooperativismo;2186-06-01
cooperativismo;2187-06-07
cooperativismo;2188-06-05
cooperativismo;2189-06-04
cooperativismo;2190-06-03
cooperativismo;2191-06-02
cooperativismo;2192-06-07
cooperativismo;2193-06-06
cooperativismo;2194-06-05
cooperativismo;2195-06-04
cooperativismo;2196-06-02
cooperativismo;2197-06-01
cooperativismo;2198-06-07
cooperativismo;2199-06-06
